<?xml version="1.0" encoding="UTF-8"?>
<project-private xmlns="http://www.netbeans.org/ns/project-private/1">
    <editor-bookmarks xmlns="http://www.netbeans.org/ns/editor-bookmarks/2" lastBookmarkId="0"/>
    <open-files xmlns="http://www.netbeans.org/ns/projectui-open-files/2">
        <group>
            <file>file:/C:/Users/joshl/Desktop/Java/OOP_Project/src/oop_project/Student_Homepage.java</file>
            <file>file:/C:/Users/joshl/Desktop/Java/OOP_Project/src/oop_project/View_Time_Slot.java</file>
            <file>file:/C:/Users/joshl/Desktop/Java/OOP_Project/src/oop_project/Teacher_View_Appointment.java</file>
            <file>file:/C:/Users/joshl/Desktop/Java/OOP_Project/src/oop_project/Teacher_Feedback_Page.java</file>
            <file>file:/C:/Users/joshl/Desktop/Java/OOP_Project/src/oop_project/Student_Feedback_Page.java</file>
            <file>file:/C:/Users/joshl/Desktop/Java/OOP_Project/src/oop_project/Create_Time_Slot.java</file>
            <file>file:/C:/Users/joshl/Desktop/Java/OOP_Project/src/oop_project/Teacher_Login_Page.java</file>
            <file>file:/C:/Users/joshl/Desktop/Java/OOP_Project/src/oop_project/Book_Appointment.java</file>
            <file>file:/C:/Users/joshl/Desktop/Java/OOP_Project/src/oop_project/Login_Page.java</file>
            <file>file:/C:/Users/joshl/Desktop/Java/OOP_Project/src/oop_project/Student_Register_Page.java</file>
            <file>file:/C:/Users/joshl/Desktop/Java/OOP_Project/src/oop_project/OOP_Project.java</file>
            <file>file:/C:/Users/joshl/Desktop/Java/OOP_Project/src/oop_project/GlobalVariables.java</file>
            <file>file:/C:/Users/joshl/Desktop/Java/OOP_Project/src/oop_project/Student_Login_Page.java</file>
            <file>file:/C:/Users/joshl/Desktop/Java/OOP_Project/src/oop_project/Teacher_Register_Page.java</file>
            <file>file:/C:/Users/joshl/Desktop/Java/OOP_Project/src/oop_project/Manage_Appointment_Page.java</file>
            <file>file:/C:/Users/joshl/Desktop/Java/OOP_Project/src/oop_project/Request_Scheduling.java</file>
            <file>file:/C:/Users/joshl/Desktop/Java/OOP_Project/src/oop_project/Teacher_View_Feedback_Page.java</file>
            <file>file:/C:/Users/joshl/Desktop/Java/OOP_Project/src/oop_project/Teacher_Homepage.java</file>
        </group>
    </open-files>
</project-private>
